<?xml version="1.0"?>
<?mso-application progid="Excel.Sheet"?>
<Workbook xmlns="urn:schemas-microsoft-com:office:spreadsheet"
 xmlns:o="urn:schemas-microsoft-com:office:office"
 xmlns:x="urn:schemas-microsoft-com:office:excel"
 xmlns:ss="urn:schemas-microsoft-com:office:spreadsheet"
 xmlns:html="http://www.w3.org/TR/REC-html40">
 <DocumentProperties xmlns="urn:schemas-microsoft-com:office:office">
  <LastAuthor>Kaninoc</LastAuthor>
  <LastSaved>2020-05-21T00:22:38Z</LastSaved>
  <Version>16.00</Version>
 </DocumentProperties>
 <OfficeDocumentSettings xmlns="urn:schemas-microsoft-com:office:office">
  <AllowPNG/>
 </OfficeDocumentSettings>
 <ExcelWorkbook xmlns="urn:schemas-microsoft-com:office:excel">
  <WindowHeight>8976</WindowHeight>
  <WindowWidth>23040</WindowWidth>
  <WindowTopX>32767</WindowTopX>
  <WindowTopY>32767</WindowTopY>
  <ProtectStructure>False</ProtectStructure>
  <ProtectWindows>False</ProtectWindows>
 </ExcelWorkbook>
 <Styles>
  <Style ss:ID="Default" ss:Name="Normal">
   <Alignment ss:Vertical="Bottom"/>
   <Borders/>
   <Font ss:FontName="Calibri" x:Family="Swiss" ss:Size="11" ss:Color="#000000"/>
   <Interior/>
   <NumberFormat/>
   <Protection/>
  </Style>
  <Style ss:ID="s62" ss:Name="Normal 2">
   <Alignment ss:Vertical="Bottom"/>
   <Borders/>
   <Font ss:FontName="Calibri" x:Family="Swiss" ss:Size="11" ss:Color="#000000"/>
   <Interior/>
   <NumberFormat/>
   <Protection/>
  </Style>
  <Style ss:ID="s64" ss:Parent="s62">
   <Alignment ss:Horizontal="Center" ss:Vertical="Center"/>
   <Interior/>
  </Style>
 </Styles>
 <Worksheet ss:Name="Table1">
  <Table ss:ExpandedColumnCount="14" ss:ExpandedRowCount="23" x:FullColumns="1"
   x:FullRows="1" ss:DefaultColumnWidth="62.400000000000006"
   ss:DefaultRowHeight="14.55">
   <Column ss:AutoFitWidth="0" ss:Width="109.8" ss:Span="2"/>
   <Column ss:Index="5" ss:AutoFitWidth="0" ss:Width="109.8" ss:Span="8"/>
   <Row ss:AutoFitHeight="0">
    <Cell ss:StyleID="s64"><Data ss:Type="String">id</Data></Cell>
    <Cell ss:StyleID="s64"><Data ss:Type="String">procesador_id</Data></Cell>
    <Cell ss:StyleID="s64"><Data ss:Type="String">board_id</Data></Cell>
    <Cell ss:StyleID="s64"><Data ss:Type="String">grafica_id</Data></Cell>
    <Cell ss:StyleID="s64"><Data ss:Type="String">cant_grafica</Data></Cell>
    <Cell ss:StyleID="s64"><Data ss:Type="String">ram_id</Data></Cell>
    <Cell ss:StyleID="s64"><Data ss:Type="String">cant_ram</Data></Cell>
    <Cell ss:StyleID="s64"><Data ss:Type="String">ids_discos</Data></Cell>
    <Cell ss:StyleID="s64"><Data ss:Type="String">cant_discos</Data></Cell>
    <Cell ss:StyleID="s64"><Data ss:Type="String">gabinete_id</Data></Cell>
    <Cell ss:StyleID="s64"><Data ss:Type="String">powersource_id</Data></Cell>
    <Cell ss:StyleID="s64"><Data ss:Type="String">email</Data></Cell>
    <Cell ss:StyleID="s64"><Data ss:Type="String">proposito</Data></Cell>
    <Cell ss:StyleID="s64"><Data ss:Type="String">preciototal</Data></Cell>
   </Row>
   <Row ss:AutoFitHeight="0">
    <Cell ss:StyleID="s64"><Data ss:Type="String">null</Data></Cell>
    <Cell ss:StyleID="s64"><Data ss:Type="Number">16</Data></Cell>
    <Cell ss:StyleID="s64"><Data ss:Type="Number">9</Data></Cell>
    <Cell ss:StyleID="s64"><Data ss:Type="Number">6</Data></Cell>
    <Cell ss:StyleID="s64"><Data ss:Type="Number">1</Data></Cell>
    <Cell ss:StyleID="s64"><Data ss:Type="Number">9</Data></Cell>
    <Cell ss:StyleID="s64"><Data ss:Type="Number">2</Data></Cell>
    <Cell ss:StyleID="s64"><Data ss:Type="String">1,2</Data></Cell>
    <Cell ss:StyleID="s64"><Data ss:Type="String">1,1</Data></Cell>
    <Cell ss:StyleID="s64"><Data ss:Type="Number">1</Data></Cell>
    <Cell ss:StyleID="s64"><Data ss:Type="Number">1</Data></Cell>
    <Cell><Data ss:Type="String">okristald@neoditho.cf</Data></Cell>
    <Cell ss:StyleID="s64"><Data ss:Type="String">oficina</Data></Cell>
    <Cell ss:StyleID="s64"><Data ss:Type="Number">2400000</Data></Cell>
   </Row>
   <Row ss:AutoFitHeight="0">
    <Cell ss:StyleID="s64"><Data ss:Type="String">null</Data></Cell>
    <Cell ss:StyleID="s64"><Data ss:Type="Number">14</Data></Cell>
    <Cell ss:StyleID="s64"><Data ss:Type="Number">6</Data></Cell>
    <Cell ss:StyleID="s64"><Data ss:Type="Number">1</Data></Cell>
    <Cell ss:StyleID="s64"><Data ss:Type="Number">4</Data></Cell>
    <Cell ss:StyleID="s64"><Data ss:Type="Number">10</Data></Cell>
    <Cell ss:StyleID="s64"><Data ss:Type="Number">8</Data></Cell>
    <Cell ss:StyleID="s64"><Data ss:Type="String">4,1</Data></Cell>
    <Cell ss:StyleID="s64"><Data ss:Type="String">2,4</Data></Cell>
    <Cell ss:StyleID="s64"><Data ss:Type="Number">10</Data></Cell>
    <Cell ss:StyleID="s64"><Data ss:Type="Number">10</Data></Cell>
    <Cell><Data ss:Type="String">aulrich.aboukan@beltlannio.ml</Data></Cell>
    <Cell ss:StyleID="s64"><Data ss:Type="String">servidor</Data></Cell>
    <Cell ss:StyleID="s64"><Data ss:Type="Number">16300000</Data></Cell>
   </Row>
   <Row ss:AutoFitHeight="0">
    <Cell ss:StyleID="s64"><Data ss:Type="String">null</Data></Cell>
    <Cell ss:StyleID="s64"><Data ss:Type="Number">2</Data></Cell>
    <Cell ss:StyleID="s64"><Data ss:Type="Number">1</Data></Cell>
    <Cell ss:StyleID="s64"><Data ss:Type="Number">4</Data></Cell>
    <Cell ss:StyleID="s64"><Data ss:Type="Number">1</Data></Cell>
    <Cell ss:StyleID="s64"><Data ss:Type="Number">1</Data></Cell>
    <Cell ss:StyleID="s64"><Data ss:Type="Number">1</Data></Cell>
    <Cell ss:StyleID="s64"><Data ss:Type="String">1,2</Data></Cell>
    <Cell ss:StyleID="s64"><Data ss:Type="String">1,1</Data></Cell>
    <Cell ss:StyleID="s64"><Data ss:Type="Number">1</Data></Cell>
    <Cell ss:StyleID="s64"><Data ss:Type="Number">3</Data></Cell>
    <Cell><Data ss:Type="String">credmond@optonline.net</Data></Cell>
    <Cell ss:StyleID="s64"><Data ss:Type="String">diseño</Data></Cell>
    <Cell ss:StyleID="s64"><Data ss:Type="Number">20357326</Data></Cell>
   </Row>
   <Row ss:AutoFitHeight="0">
    <Cell ss:StyleID="s64"><Data ss:Type="String">null</Data></Cell>
    <Cell ss:StyleID="s64"><Data ss:Type="Number">1</Data></Cell>
    <Cell ss:StyleID="s64"><Data ss:Type="Number">7</Data></Cell>
    <Cell ss:StyleID="s64"><Data ss:Type="Number">4</Data></Cell>
    <Cell ss:StyleID="s64"><Data ss:Type="Number">2</Data></Cell>
    <Cell ss:StyleID="s64"><Data ss:Type="Number">2</Data></Cell>
    <Cell ss:StyleID="s64"><Data ss:Type="Number">4</Data></Cell>
    <Cell ss:StyleID="s64"><Data ss:Type="String">2,7</Data></Cell>
    <Cell ss:StyleID="s64"><Data ss:Type="String">1,1</Data></Cell>
    <Cell ss:StyleID="s64"><Data ss:Type="Number">2</Data></Cell>
    <Cell ss:StyleID="s64"><Data ss:Type="Number">3</Data></Cell>
    <Cell><Data ss:Type="String">hmbrand@sbcglobal.net</Data></Cell>
    <Cell ss:StyleID="s64"><Data ss:Type="String">gamer</Data></Cell>
    <Cell ss:StyleID="s64"><Data ss:Type="Number">6680512</Data></Cell>
   </Row>
   <Row ss:AutoFitHeight="0">
    <Cell ss:StyleID="s64"><Data ss:Type="String">null</Data></Cell>
    <Cell ss:StyleID="s64"><Data ss:Type="Number">15</Data></Cell>
    <Cell ss:StyleID="s64"><Data ss:Type="Number">8</Data></Cell>
    <Cell ss:StyleID="s64"><Data ss:Type="Number">6</Data></Cell>
    <Cell ss:StyleID="s64"><Data ss:Type="Number">1</Data></Cell>
    <Cell ss:StyleID="s64"><Data ss:Type="Number">5</Data></Cell>
    <Cell ss:StyleID="s64"><Data ss:Type="Number">1</Data></Cell>
    <Cell ss:StyleID="s64"><Data ss:Type="Number">6</Data></Cell>
    <Cell ss:StyleID="s64"><Data ss:Type="Number">1</Data></Cell>
    <Cell ss:StyleID="s64"><Data ss:Type="Number">7</Data></Cell>
    <Cell ss:StyleID="s64"><Data ss:Type="Number">1</Data></Cell>
    <Cell><Data ss:Type="String">kludge@comcast.net</Data></Cell>
    <Cell ss:StyleID="s64"><Data ss:Type="String">oficina</Data></Cell>
    <Cell ss:StyleID="s64"><Data ss:Type="Number">1996789</Data></Cell>
   </Row>
   <Row ss:AutoFitHeight="0">
    <Cell ss:StyleID="s64"><Data ss:Type="String">null</Data></Cell>
    <Cell ss:StyleID="s64"><Data ss:Type="Number">8</Data></Cell>
    <Cell ss:StyleID="s64"><Data ss:Type="Number">4</Data></Cell>
    <Cell ss:StyleID="s64"><Data ss:Type="Number">5</Data></Cell>
    <Cell ss:StyleID="s64"><Data ss:Type="Number">2</Data></Cell>
    <Cell ss:StyleID="s64"><Data ss:Type="Number">4</Data></Cell>
    <Cell ss:StyleID="s64"><Data ss:Type="Number">2</Data></Cell>
    <Cell ss:StyleID="s64"><Data ss:Type="String">3,1</Data></Cell>
    <Cell ss:StyleID="s64"><Data ss:Type="String">1,1</Data></Cell>
    <Cell ss:StyleID="s64"><Data ss:Type="Number">4</Data></Cell>
    <Cell ss:StyleID="s64"><Data ss:Type="Number">10</Data></Cell>
    <Cell><Data ss:Type="String">jcholewa@mac.com</Data></Cell>
    <Cell ss:StyleID="s64"><Data ss:Type="String">diseño</Data></Cell>
    <Cell ss:StyleID="s64"><Data ss:Type="Number">8692679</Data></Cell>
   </Row>
   <Row ss:AutoFitHeight="0">
    <Cell ss:StyleID="s64"><Data ss:Type="String">null</Data></Cell>
    <Cell ss:StyleID="s64"><Data ss:Type="Number">14</Data></Cell>
    <Cell ss:StyleID="s64"><Data ss:Type="Number">6</Data></Cell>
    <Cell ss:StyleID="s64"><Data ss:Type="Number">8</Data></Cell>
    <Cell ss:StyleID="s64"><Data ss:Type="Number">2</Data></Cell>
    <Cell ss:StyleID="s64"><Data ss:Type="Number">3</Data></Cell>
    <Cell ss:StyleID="s64"><Data ss:Type="Number">4</Data></Cell>
    <Cell ss:StyleID="s64"><Data ss:Type="String">1,3,5</Data></Cell>
    <Cell ss:StyleID="s64"><Data ss:Type="String">2,1,1</Data></Cell>
    <Cell ss:StyleID="s64"><Data ss:Type="Number">8</Data></Cell>
    <Cell ss:StyleID="s64"><Data ss:Type="Number">6</Data></Cell>
    <Cell><Data ss:Type="String">meder@verizon.net</Data></Cell>
    <Cell ss:StyleID="s64"><Data ss:Type="String">gamer</Data></Cell>
    <Cell ss:StyleID="s64"><Data ss:Type="Number">23712832</Data></Cell>
   </Row>
   <Row ss:AutoFitHeight="0">
    <Cell ss:StyleID="s64"><Data ss:Type="String">null</Data></Cell>
    <Cell ss:StyleID="s64"><Data ss:Type="Number">4</Data></Cell>
    <Cell ss:StyleID="s64"><Data ss:Type="Number">2</Data></Cell>
    <Cell ss:StyleID="s64"><Data ss:Type="Number">6</Data></Cell>
    <Cell ss:StyleID="s64"><Data ss:Type="Number">1</Data></Cell>
    <Cell ss:StyleID="s64"><Data ss:Type="Number">4</Data></Cell>
    <Cell ss:StyleID="s64"><Data ss:Type="Number">1</Data></Cell>
    <Cell ss:StyleID="s64"><Data ss:Type="Number">6</Data></Cell>
    <Cell ss:StyleID="s64"><Data ss:Type="Number">1</Data></Cell>
    <Cell ss:StyleID="s64"><Data ss:Type="Number">9</Data></Cell>
    <Cell ss:StyleID="s64"><Data ss:Type="Number">4</Data></Cell>
    <Cell><Data ss:Type="String">tbusch@optonline.net</Data></Cell>
    <Cell ss:StyleID="s64"><Data ss:Type="String">oficina</Data></Cell>
    <Cell ss:StyleID="s64"><Data ss:Type="Number">2718089</Data></Cell>
   </Row>
   <Row ss:AutoFitHeight="0">
    <Cell ss:StyleID="s64"><Data ss:Type="String">null</Data></Cell>
    <Cell ss:StyleID="s64"><Data ss:Type="Number">1</Data></Cell>
    <Cell ss:StyleID="s64"><Data ss:Type="Number">7</Data></Cell>
    <Cell ss:StyleID="s64"><Data ss:Type="Number">4</Data></Cell>
    <Cell ss:StyleID="s64"><Data ss:Type="Number">2</Data></Cell>
    <Cell ss:StyleID="s64"><Data ss:Type="Number">2</Data></Cell>
    <Cell ss:StyleID="s64"><Data ss:Type="Number">4</Data></Cell>
    <Cell ss:StyleID="s64"><Data ss:Type="Number">2</Data></Cell>
    <Cell ss:StyleID="s64"><Data ss:Type="Number">1</Data></Cell>
    <Cell ss:StyleID="s64"><Data ss:Type="Number">2</Data></Cell>
    <Cell ss:StyleID="s64"><Data ss:Type="Number">3</Data></Cell>
    <Cell><Data ss:Type="String">treit@icloud.com</Data></Cell>
    <Cell ss:StyleID="s64"><Data ss:Type="String">mineria</Data></Cell>
    <Cell ss:StyleID="s64"><Data ss:Type="Number">6380959</Data></Cell>
   </Row>
   <Row ss:AutoFitHeight="0">
    <Cell ss:StyleID="s64"><Data ss:Type="String">null</Data></Cell>
    <Cell ss:StyleID="s64"><Data ss:Type="Number">8</Data></Cell>
    <Cell ss:StyleID="s64"><Data ss:Type="Number">4</Data></Cell>
    <Cell ss:StyleID="s64"><Data ss:Type="Number">5</Data></Cell>
    <Cell ss:StyleID="s64"><Data ss:Type="Number">2</Data></Cell>
    <Cell ss:StyleID="s64"><Data ss:Type="Number">4</Data></Cell>
    <Cell ss:StyleID="s64"><Data ss:Type="Number">2</Data></Cell>
    <Cell ss:StyleID="s64"><Data ss:Type="String">3,1</Data></Cell>
    <Cell ss:StyleID="s64"><Data ss:Type="String">1,1</Data></Cell>
    <Cell ss:StyleID="s64"><Data ss:Type="Number">4</Data></Cell>
    <Cell ss:StyleID="s64"><Data ss:Type="Number">10</Data></Cell>
    <Cell><Data ss:Type="String">aulrich.aboukan@beltlannio.ml</Data></Cell>
    <Cell ss:StyleID="s64"><Data ss:Type="String">mineria</Data></Cell>
    <Cell ss:StyleID="s64"><Data ss:Type="Number">8504329</Data></Cell>
   </Row>
   <Row ss:AutoFitHeight="0">
    <Cell ss:StyleID="s64"><Data ss:Type="String">null</Data></Cell>
    <Cell ss:StyleID="s64"><Data ss:Type="Number">12</Data></Cell>
    <Cell ss:StyleID="s64"><Data ss:Type="Number">4</Data></Cell>
    <Cell ss:StyleID="s64"><Data ss:Type="Number">9</Data></Cell>
    <Cell ss:StyleID="s64"><Data ss:Type="Number">1</Data></Cell>
    <Cell ss:StyleID="s64"><Data ss:Type="Number">5</Data></Cell>
    <Cell ss:StyleID="s64"><Data ss:Type="Number">2</Data></Cell>
    <Cell ss:StyleID="s64"><Data ss:Type="String">1,2</Data></Cell>
    <Cell ss:StyleID="s64"><Data ss:Type="String">1,1</Data></Cell>
    <Cell ss:StyleID="s64"><Data ss:Type="Number">7</Data></Cell>
    <Cell ss:StyleID="s64"><Data ss:Type="Number">11</Data></Cell>
    <Cell><Data ss:Type="String">xnormal@me.com</Data></Cell>
    <Cell ss:StyleID="s64"><Data ss:Type="String">gamer</Data></Cell>
    <Cell ss:StyleID="s64"><Data ss:Type="Number">8033273</Data></Cell>
   </Row>
   <Row ss:AutoFitHeight="0">
    <Cell ss:StyleID="s64"><Data ss:Type="String">null</Data></Cell>
    <Cell ss:StyleID="s64"><Data ss:Type="Number">5</Data></Cell>
    <Cell ss:StyleID="s64"><Data ss:Type="Number">2</Data></Cell>
    <Cell ss:StyleID="s64"><Data ss:Type="Number">6</Data></Cell>
    <Cell ss:StyleID="s64"><Data ss:Type="Number">1</Data></Cell>
    <Cell ss:StyleID="s64"><Data ss:Type="Number">4</Data></Cell>
    <Cell ss:StyleID="s64"><Data ss:Type="Number">1</Data></Cell>
    <Cell ss:StyleID="s64"><Data ss:Type="String">6,3</Data></Cell>
    <Cell ss:StyleID="s64"><Data ss:Type="String">1,1</Data></Cell>
    <Cell ss:StyleID="s64"><Data ss:Type="Number">9</Data></Cell>
    <Cell ss:StyleID="s64"><Data ss:Type="Number">4</Data></Cell>
    <Cell><Data ss:Type="String">danny@yahoo.com</Data></Cell>
    <Cell ss:StyleID="s64"><Data ss:Type="String">oficina</Data></Cell>
    <Cell ss:StyleID="s64"><Data ss:Type="Number">3453387</Data></Cell>
   </Row>
   <Row ss:AutoFitHeight="0">
    <Cell ss:StyleID="s64"><Data ss:Type="String">null</Data></Cell>
    <Cell ss:StyleID="s64"><Data ss:Type="Number">2</Data></Cell>
    <Cell ss:StyleID="s64"><Data ss:Type="Number">1</Data></Cell>
    <Cell ss:StyleID="s64"><Data ss:Type="Number">6</Data></Cell>
    <Cell ss:StyleID="s64"><Data ss:Type="Number">1</Data></Cell>
    <Cell ss:StyleID="s64"><Data ss:Type="Number">1</Data></Cell>
    <Cell ss:StyleID="s64"><Data ss:Type="Number">1</Data></Cell>
    <Cell ss:StyleID="s64"><Data ss:Type="String">1,2</Data></Cell>
    <Cell ss:StyleID="s64"><Data ss:Type="String">2,1</Data></Cell>
    <Cell ss:StyleID="s64"><Data ss:Type="Number">1</Data></Cell>
    <Cell ss:StyleID="s64"><Data ss:Type="Number">9</Data></Cell>
    <Cell><Data ss:Type="String">treit@icloud.com</Data></Cell>
    <Cell ss:StyleID="s64"><Data ss:Type="String">diseño</Data></Cell>
    <Cell ss:StyleID="s64"><Data ss:Type="Number">20800935</Data></Cell>
   </Row>
   <Row ss:Index="23" ss:AutoFitHeight="0">
    <Cell ss:Index="9" ss:StyleID="s64"/>
   </Row>
  </Table>
  <WorksheetOptions xmlns="urn:schemas-microsoft-com:office:excel">
   <Unsynced/>
   <Print>
    <ValidPrinterInfo/>
    <HorizontalResolution>600</HorizontalResolution>
    <VerticalResolution>600</VerticalResolution>
   </Print>
   <Selected/>
   <LeftColumnVisible>4</LeftColumnVisible>
   <Panes>
    <Pane>
     <Number>3</Number>
     <ActiveRow>26</ActiveRow>
     <ActiveCol>10</ActiveCol>
    </Pane>
   </Panes>
   <ProtectObjects>False</ProtectObjects>
   <ProtectScenarios>False</ProtectScenarios>
  </WorksheetOptions>
 </Worksheet>
</Workbook>
